Filename,Gender
1.jpg,f
3.jpg,f
4.jpg,f
5.jpg,f
10.jpg,m
31.jpg,f
35.jpg,f
66.jpg,f
87.jpg,f
91.jpg,f
102.jpg,f
103.jpg,f
123.jpg,f
124.jpg,f
125.jpg,f
126.jpg,f
128.jpg,f
154.jpg,f
155.jpg,f
159.jpg,f
161.jpg,f
183.jpg,f
188.jpg,f
189.jpg,f
194.jpg,m
196.jpg,m
197.jpg,f
200.jpg,m
201.jpg,f
229.jpg,m
240.jpg,m
241.jpg,f
244.jpg,m
246.jpg,m
249.jpg,m
256.jpg,m
272.jpg,m
283.jpg,m
288.jpg,m
297.jpg,m
300.jpg,m
317.jpg,m
320.jpg,m
324.jpg,m
331.jpg,m
336.jpg,m
419.jpg,m
430.jpg,m
443.jpg,f
484.jpg,m
642.jpg,f
657.jpg,m
761.jpg,m
1118.jpg,m
1151.jpg,m
1326.jpg,m
1327.jpg,f
1654.jpg,f
4580.jpg,f
